Name,total,sex
Jacob,1.08%,M
Ethan,0.88%,M
Michael,0.85%,M
Jayden,0.84%,M
William,0.83%,M
Alexander,0.82%,M
Noah,0.80%,M
Daniel,0.77%,M
Aiden,0.76%,M
Anthony,0.75%,M
Joshua,0.75%,M
Mason,0.72%,M
Christopher,0.70%,M
Andrew,0.69%,M
David,0.69%,M
Matthew,0.69%,M
Logan,0.68%,M
Elijah,0.68%,M
James,0.68%,M
Joseph,0.67%,M
Gabriel,0.63%,M
Benjamin,0.61%,M
Ryan,0.58%,M
Samuel,0.58%,M
Jackson,0.58%,M
John,0.56%,M
Nathan,0.55%,M
Jonathan,0.54%,M
Christian,0.54%,M
Liam,0.53%,M
Dylan,0.51%,M
Caleb,0.51%,M
Landon,0.51%,M
Tyler,0.51%,M
Lucas,0.51%,M
Evan,0.47%,M
Nicholas,0.47%,M
Gavin,0.47%,M
Isaac,0.46%,M
Brayden,0.44%,M
Luke,0.43%,M
Angel,0.43%,M
Isaiah,0.42%,M
Brandon,0.42%,M
Jack,0.42%,M
Jordan,0.40%,M
Owen,0.40%,M
Carter,0.40%,M
Connor,0.39%,M
Justin,0.38%,M
Jeremiah,0.38%,M
Jose,0.38%,M
Julian,0.37%,M
Robert,0.37%,M
Aaron,0.36%,M
Adrian,0.36%,M
Wyatt,0.36%,M
Kevin,0.36%,M
Hunter,0.36%,M
Cameron,0.35%,M
Zachary,0.35%,M
Thomas,0.35%,M
Charles,0.35%,M
Austin,0.34%,M
Eli,0.32%,M
Chase,0.31%,M
Henry,0.31%,M
Sebastian,0.31%,M
Jason,0.31%,M
Levi,0.29%,M
Xavier,0.28%,M
Ian,0.27%,M
Colton,0.26%,M
Dominic,0.26%,M
Cooper,0.26%,M
Juan,0.26%,M
Josiah,0.25%,M
Ayden,0.25%,M
Luis,0.25%,M
Adam,0.25%,M
Nathaniel,0.25%,M
Carson,0.25%,M
Brody,0.25%,M
Tristan,0.24%,M
Parker,0.23%,M
Diego,0.23%,M
Blake,0.23%,M
Oliver,0.23%,M
Carlos,0.22%,M
Cole,0.22%,M
Jaden,0.22%,M
Jesus,0.22%,M
Alex,0.22%,M
Aidan,0.21%,M
Eric,0.20%,M
Hayden,0.20%,M
Bryan,0.19%,M
Max,0.19%,M
Jaxon,0.19%,M
Bentley,0.18%,M
Brian,0.18%,M
Sean,0.18%,M
Alejandro,0.18%,M
Nolan,0.18%,M
Riley,0.18%,M
Kaden,0.17%,M
Kyle,0.17%,M
Micah,0.17%,M
Vincent,0.17%,M
Antonio,0.17%,M
Colin,0.17%,M
Bryce,0.17%,M
Miguel,0.17%,M
Timothy,0.17%,M
Jake,0.17%,M
Giovanni,0.17%,M
Steven,0.17%,M
Kaleb,0.17%,M
Caden,0.17%,M
Bryson,0.17%,M
Damian,0.16%,M
Grayson,0.16%,M
Kayden,0.16%,M
Jesse,0.16%,M
Ashton,0.16%,M
Brady,0.16%,M
Richard,0.16%,M
Victor,0.15%,M
Patrick,0.15%,M
Marcus,0.15%,M
Preston,0.15%,M
Joel,0.15%,M
Maxwell,0.15%,M
Santiago,0.15%,M
Ryder,0.14%,M
Edward,0.14%,M
Miles,0.14%,M
Asher,0.14%,M
Hudson,0.14%,M
Devin,0.14%,M
Elias,0.14%,M
Jeremy,0.14%,M
Jonah,0.14%,M
Ivan,0.13%,M
Easton,0.13%,M
Jace,0.13%,M
Oscar,0.13%,M
Collin,0.13%,M
Peyton,0.13%,M
Leonardo,0.13%,M
Cayden,0.13%,M
Gage,0.12%,M
Emmanuel,0.12%,M
Eduardo,0.12%,M
Grant,0.12%,M
Alan,0.12%,M
Cody,0.12%,M
Conner,0.12%,M
Kenneth,0.12%,M
Wesley,0.12%,M
Mark,0.12%,M
Malachi,0.12%,M
Nicolas,0.12%,M
Seth,0.12%,M
George,0.12%,M
Kaiden,0.11%,M
Trevor,0.11%,M
Jude,0.11%,M
Jorge,0.11%,M
Derek,0.11%,M
Braxton,0.11%,M
Sawyer,0.11%,M
Jaxson,0.11%,M
Jaiden,0.11%,M
Omar,0.11%,M
Tanner,0.10%,M
Paul,0.10%,M
Travis,0.10%,M
Maddox,0.10%,M
Camden,0.10%,M
Andres,0.10%,M
Cristian,0.10%,M
Rylan,0.10%,M
Josue,0.10%,M
Bradley,0.10%,M
Roman,0.10%,M
Axel,0.10%,M
Garrett,0.10%,M
Fernando,0.10%,M
Javier,0.10%,M
Leo,0.09%,M
Damien,0.09%,M
Peter,0.09%,M
Abraham,0.09%,M
Ricardo,0.09%,M
Francisco,0.09%,M
Drake,0.09%,M
Shane,0.09%,M
Lincoln,0.09%,M
Erick,0.09%,M
Cesar,0.09%,M
Stephen,0.09%,M
Jaylen,0.09%,M
Tucker,0.09%,M
Kai,0.09%,M
Landen,0.08%,M
Braden,0.08%,M
Mario,0.08%,M
Edwin,0.08%,M
Manuel,0.08%,M
Avery,0.08%,M
Trenton,0.08%,M
Ezekiel,0.08%,M
Kingston,0.08%,M
Calvin,0.08%,M
Johnathan,0.08%,M
Edgar,0.08%,M
Donovan,0.08%,M
Silas,0.08%,M
Israel,0.08%,M
Mateo,0.08%,M
Jeffrey,0.08%,M
Alexis,0.08%,M
Weston,0.08%,M
Raymond,0.08%,M
Hector,0.08%,M
Spencer,0.08%,M
Andre,0.08%,M
Lukas,0.07%,M
Brendan,0.07%,M
Zion,0.07%,M
Griffin,0.07%,M
Harrison,0.07%,M
Maximus,0.07%,M
Andy,0.07%,M
Braylon,0.07%,M
Shawn,0.07%,M
Tyson,0.07%,M
Zane,0.07%,M
Emiliano,0.07%,M
Sergio,0.07%,M
Ezra,0.07%,M
Jared,0.07%,M
Chance,0.07%,M
Keegan,0.07%,M
Charlie,0.07%,M
Drew,0.07%,M
Troy,0.07%,M
Greyson,0.07%,M
Simon,0.07%,M
Clayton,0.07%,M
Corbin,0.07%,M
Myles,0.07%,M
Xander,0.07%,M
Dante,0.07%,M
Erik,0.07%,M
Rafael,0.07%,M
Martin,0.06%,M
Theodore,0.06%,M
Dalton,0.06%,M
Dominick,0.06%,M
Skyler,0.06%,M
Cash,0.06%,M
Marco,0.06%,M
Caiden,0.06%,M
Ty,0.06%,M
Johnny,0.06%,M
Gregory,0.06%,M
Kyler,0.06%,M
Brennan,0.06%,M
Emmett,0.06%,M
Luca,0.06%,M
Roberto,0.06%,M
Declan,0.06%,M
Kameron,0.06%,M
Quinn,0.06%,M
Jameson,0.06%,M
Amir,0.06%,M
Bennett,0.06%,M
Colby,0.06%,M
Emanuel,0.06%,M
Malik,0.06%,M
Pedro,0.06%,M
Graham,0.06%,M
Dean,0.06%,M
Jasper,0.06%,M
Everett,0.06%,M
Aden,0.06%,M
Dawson,0.06%,M
Angelo,0.06%,M
Reid,0.06%,M
Dakota,0.06%,M
Abel,0.05%,M
Zander,0.05%,M
Judah,0.05%,M
Paxton,0.05%,M
Ruben,0.05%,M
Jakob,0.05%,M
Jayce,0.05%,M
Finn,0.05%,M
Elliot,0.05%,M
Frank,0.05%,M
Lane,0.05%,M
Dillon,0.05%,M
Fabian,0.05%,M
Brock,0.05%,M
Derrick,0.05%,M
Emilio,0.05%,M
Ryker,0.05%,M
Joaquin,0.05%,M
Marcos,0.05%,M
Devon,0.05%,M
Anderson,0.05%,M
Grady,0.05%,M
Elliott,0.05%,M
Holden,0.05%,M
Corey,0.05%,M
Amari,0.05%,M
Dallas,0.05%,M
Danny,0.05%,M
Cruz,0.05%,M
Allen,0.05%,M
Trey,0.05%,M
Lorenzo,0.05%,M
Leland,0.05%,M
Armando,0.05%,M
Rowan,0.05%,M
Taylor,0.05%,M
Cade,0.05%,M
Felix,0.05%,M
Colt,0.05%,M
Adan,0.05%,M
Tristen,0.05%,M
Jayson,0.05%,M
Julius,0.05%,M
Nehemiah,0.05%,M
Julio,0.05%,M
Zayden,0.05%,M
Darius,0.05%,M
Raul,0.05%,M
Braydon,0.05%,M
Louis,0.04%,M
Ronald,0.04%,M
Trent,0.04%,M
Payton,0.04%,M
Keith,0.04%,M
Randy,0.04%,M
Jax,0.04%,M
Enrique,0.04%,M
Desmond,0.04%,M
Jett,0.04%,M
Scott,0.04%,M
Dustin,0.04%,M
Gerardo,0.04%,M
Phillip,0.04%,M
Beckett,0.04%,M
Ali,0.04%,M
Romeo,0.04%,M
Kellen,0.04%,M
Cohen,0.04%,M
Pablo,0.04%,M
Ismael,0.04%,M
Jaime,0.04%,M
Larry,0.04%,M
Kellan,0.04%,M
Brycen,0.04%,M
Keaton,0.04%,M
Gunner,0.04%,M
Braylen,0.04%,M
Brayan,0.04%,M
Landyn,0.04%,M
Walter,0.04%,M
Jimmy,0.04%,M
Marshall,0.04%,M
Beau,0.04%,M
Phoenix,0.04%,M
Donald,0.04%,M
Esteban,0.04%,M
Saul,0.04%,M
Karson,0.04%,M
Reed,0.04%,M
Brenden,0.04%,M
Jerry,0.04%,M
Tony,0.04%,M
Kade,0.04%,M
Jamari,0.04%,M
Mitchell,0.04%,M
Colten,0.04%,M
Arthur,0.04%,M
Brett,0.04%,M
Rocco,0.04%,M
Dennis,0.04%,M
Jalen,0.04%,M
Tate,0.03%,M
Chris,0.03%,M
Quentin,0.03%,M
Titus,0.03%,M
Casey,0.03%,M
King,0.03%,M
Izaiah,0.03%,M
Mathew,0.03%,M
Brooks,0.03%,M
Albert,0.03%,M
Philip,0.03%,M
Russell,0.03%,M
Darren,0.03%,M
Zackary,0.03%,M
Gael,0.03%,M
Braeden,0.03%,M
Dane,0.03%,M
Gustavo,0.03%,M
Jay,0.03%,M
Cullen,0.03%,M
Kolton,0.03%,M
Rodrigo,0.03%,M
Alberto,0.03%,M
Leon,0.03%,M
Alec,0.03%,M
Damon,0.03%,M
Davis,0.03%,M
Arturo,0.03%,M
Waylon,0.03%,M
Milo,0.03%,M
Moises,0.03%,M
Curtis,0.03%,M
Walker,0.03%,M
August,0.03%,M
Kobe,0.03%,M
Matteo,0.03%,M
Emerson,0.03%,M
Marvin,0.03%,M
River,0.03%,M
Mauricio,0.03%,M
Maximilian,0.03%,M
Orlando,0.03%,M
Reece,0.03%,M
Issac,0.03%,M
Bryant,0.03%,M
Yahir,0.03%,M
Uriel,0.03%,M
Hugo,0.03%,M
Mohamed,0.03%,M
Enzo,0.03%,M
Karter,0.03%,M
Lance,0.03%,M
Porter,0.03%,M
Zachariah,0.03%,M
Maurice,0.03%,M
Ricky,0.03%,M
Leonel,0.03%,M
Joe,0.03%,M
Johan,0.03%,M
Dexter,0.03%,M
Nikolas,0.03%,M
Jonas,0.03%,M
Justice,0.03%,M
Salvador,0.03%,M
Lawrence,0.03%,M
Knox,0.03%,M
Gideon,0.03%,M
Alfredo,0.03%,M
Maximiliano,0.03%,M
Talon,0.03%,M
Solomon,0.03%,M
Byron,0.03%,M
Nickolas,0.03%,M
Orion,0.03%,M
Braiden,0.03%,M
Kristopher,0.03%,M
Alijah,0.03%,M
Sam,0.03%,M
Rhys,0.03%,M
Jacoby,0.03%,M
Jamarion,0.03%,M
Davion,0.03%,M
Gary,0.03%,M
Pierce,0.03%,M
Noel,0.03%,M
Kason,0.03%,M
Mekhi,0.03%,M
Ramon,0.03%,M
Cason,0.03%,M
Shaun,0.03%,M
Warren,0.03%,M
Douglas,0.03%,M
Reese,0.03%,M
Cyrus,0.03%,M
Armani,0.03%,M
Ibrahim,0.03%,M
Quinton,0.03%,M
Ernesto,0.03%,M
Jaydon,0.03%,M
Isaias,0.03%,M
Frederick,0.03%,M
Chandler,0.03%,M
Ryland,0.03%,M
Terry,0.03%,M
Deandre,0.03%,M
Ari,0.03%,M
Jamison,0.03%,M
Dorian,0.03%,M
Khalil,0.03%,M
Moses,0.03%,M
London,0.02%,M
Franklin,0.02%,M
Muhammad,0.02%,M
Maverick,0.02%,M
Ronan,0.02%,M
Amare,0.02%,M
Eddie,0.02%,M
Nasir,0.02%,M
Roger,0.02%,M
Aldo,0.02%,M
Demetrius,0.02%,M
Adriel,0.02%,M
Brodie,0.02%,M
Kendrick,0.02%,M
Morgan,0.02%,M
Prince,0.02%,M
Kelvin,0.02%,M
Malcolm,0.02%,M
Tobias,0.02%,M
Ahmad,0.02%,M
Trace,0.02%,M
Keagan,0.02%,M
Skylar,0.02%,M
Alvin,0.02%,M
Giovani,0.02%,M
Conor,0.02%,M
Abram,0.02%,M
Camron,0.02%,M
Bruce,0.02%,M
Jonathon,0.02%,M
Quincy,0.02%,M
Noe,0.02%,M
Rohan,0.02%,M
Ahmed,0.02%,M
Nathanael,0.02%,M
Kamari,0.02%,M
Kieran,0.02%,M
Kristian,0.02%,M
Barrett,0.02%,M
Finnegan,0.02%,M
Remington,0.02%,M
Boston,0.02%,M
Chad,0.02%,M
Micheal,0.02%,M
Uriah,0.02%,M
Xzavier,0.02%,M
Archer,0.02%,M
Rodney,0.02%,M
Bobby,0.02%,M
Guillermo,0.02%,M
Gunnar,0.02%,M
Moshe,0.02%,M
Kamden,0.02%,M
Julien,0.02%,M
Melvin,0.02%,M
Roy,0.02%,M
Aaden,0.02%,M
Atticus,0.02%,M
Ulises,0.02%,M
Kane,0.02%,M
Kasen,0.02%,M
Lucian,0.02%,M
Carl,0.02%,M
Jeffery,0.02%,M
Ezequiel,0.02%,M
Terrance,0.02%,M
Jadon,0.02%,M
Javon,0.02%,M
Nelson,0.02%,M
Harley,0.02%,M
Malakai,0.02%,M
Triston,0.02%,M
Jon,0.02%,M
Aarav,0.02%,M
Cory,0.02%,M
Kian,0.02%,M
Alonzo,0.02%,M
Marc,0.02%,M
Asa,0.02%,M
Gianni,0.02%,M
Wilson,0.02%,M
Kole,0.02%,M
Dayton,0.02%,M
Jermaine,0.02%,M
Terrence,0.02%,M
Felipe,0.02%,M
Kale,0.02%,M
Kendall,0.02%,M
Isiah,0.02%,M
Nico,0.02%,M
Dominik,0.02%,M
Tommy,0.02%,M
Finley,0.02%,M
Cristopher,0.02%,M
Tristin,0.02%,M
Cannon,0.02%,M
Jase,0.02%,M
Wade,0.02%,M
Ariel,0.02%,M
Kash,0.02%,M
Madden,0.02%,M
Mohammed,0.02%,M
Layne,0.02%,M
Marlon,0.02%,M
Rhett,0.02%,M
Jamal,0.02%,M
Jessie,0.02%,M
Memphis,0.02%,M
Joey,0.02%,M
Nash,0.02%,M
Allan,0.02%,M
Reginald,0.02%,M
Ace,0.02%,M
Lawson,0.02%,M
Giovanny,0.02%,M
Zaiden,0.02%,M
Aron,0.02%,M
Korbin,0.02%,M
Rashad,0.02%,M
Will,0.02%,M
Billy,0.02%,M
Urijah,0.02%,M
Leonard,0.02%,M
Rene,0.02%,M
Brennen,0.02%,M
Branden,0.02%,M
Kenny,0.02%,M
Willie,0.02%,M
Kody,0.02%,M
Tomas,0.02%,M
Brendon,0.02%,M
Blaine,0.02%,M
Alonso,0.02%,M
Darian,0.02%,M
Aydan,0.02%,M
Arjun,0.02%,M
Raiden,0.02%,M
Sincere,0.02%,M
Terrell,0.02%,M
Marquis,0.02%,M
Layton,0.02%,M
Channing,0.02%,M
Iker,0.02%,M
Chace,0.02%,M
Jordyn,0.02%,M
Mohammad,0.02%,M
Sullivan,0.02%,M
Deshawn,0.02%,M
Messiah,0.02%,M
Brent,0.02%,M
Omari,0.02%,M
Santino,0.02%,M
Raphael,0.02%,M
Zechariah,0.02%,M
Harry,0.02%,M
Jaylin,0.02%,M
Ray,0.02%,M
Elisha,0.02%,M
Jefferson,0.02%,M
Luciano,0.02%,M
Craig,0.02%,M
Yandel,0.02%,M
Bently,0.02%,M
Tripp,0.02%,M
Tristian,0.02%,M
Aydin,0.02%,M
Francis,0.02%,M
Toby,0.02%,M
Ronnie,0.02%,M
Alexzander,0.02%,M
Kylan,0.02%,M
Semaj,0.02%,M
Lee,0.02%,M
Alessandro,0.02%,M
Dwayne,0.02%,M
Gerald,0.02%,M
Jadiel,0.02%,M
Javion,0.02%,M
Stanley,0.02%,M
Markus,0.02%,M
Davin,0.02%,M
Kolby,0.02%,M
Neil,0.02%,M
Teagan,0.02%,M
Harper,0.02%,M
Jamie,0.02%,M
Makai,0.02%,M
Cale,0.02%,M
Ben,0.02%,M
Deacon,0.02%,M
Clark,0.02%,M
Callen,0.02%,M
Damarion,0.02%,M
Jairo,0.02%,M
Kaeden,0.02%,M
Kareem,0.02%,M
Aidyn,0.02%,M
Damion,0.02%,M
Davian,0.02%,M
Rex,0.02%,M
Jamir,0.02%,M
Lamar,0.02%,M
Jorden,0.02%,M
Case,0.02%,M
Duncan,0.02%,M
Jaeden,0.02%,M
Matias,0.02%,M
Vicente,0.02%,M
Jasiah,0.02%,M
Tyrone,0.02%,M
Aryan,0.02%,M
Lewis,0.02%,M
Zayne,0.02%,M
Yusuf,0.02%,M
Gavyn,0.02%,M
Giancarlo,0.02%,M
Rogelio,0.02%,M
Rolando,0.02%,M
Camren,0.02%,M
Jensen,0.02%,M
Cedric,0.02%,M
Osvaldo,0.02%,M
Soren,0.02%,M
Luka,0.02%,M
Mathias,0.02%,M
Ellis,0.02%,M
Maxim,0.02%,M
Rylee,0.02%,M
Draven,0.02%,M
Nikolai,0.02%,M
Darwin,0.02%,M
Bradyn,0.02%,M
Brantley,0.02%,M
Emery,0.02%,M
Zavier,0.02%,M
Zackery,0.02%,M
Rudy,0.02%,M
Trevon,0.02%,M
Jerome,0.01%,M
Royce,0.01%,M
Alfonso,0.01%,M
Daxton,0.01%,M
Harold,0.01%,M
Rory,0.01%,M
Beckham,0.01%,M
Darrell,0.01%,M
Jaylon,0.01%,M
Rodolfo,0.01%,M
Keenan,0.01%,M
Tatum,0.01%,M
Sterling,0.01%,M
Van,0.01%,M
Bruno,0.01%,M
Hamza,0.01%,M
Ayaan,0.01%,M
Gauge,0.01%,M
Rayan,0.01%,M
Zachery,0.01%,M
Heath,0.01%,M
Dax,0.01%,M
Jagger,0.01%,M
Jovani,0.01%,M
Killian,0.01%,M
Conrad,0.01%,M
Junior,0.01%,M
Augustus,0.01%,M
Misael,0.01%,M
Roland,0.01%,M
Vance,0.01%,M
Alvaro,0.01%,M
Bode,0.01%,M
Eugene,0.01%,M
Ramiro,0.01%,M
Yosef,0.01%,M
Adrien,0.01%,M
Carmelo,0.01%,M
Wayne,0.01%,M
Kamron,0.01%,M
Johnathon,0.01%,M
Kolten,0.01%,M
Gilberto,0.01%,M
Quintin,0.01%,M
Steve,0.01%,M
Zain,0.01%,M
Antoine,0.01%,M
Niko,0.01%,M
Tyrell,0.01%,M
Hassan,0.01%,M
Jeramiah,0.01%,M
Bronson,0.01%,M
Coleman,0.01%,M
Valentin,0.01%,M
Clay,0.01%,M
Elian,0.01%,M
Frankie,0.01%,M
Jaxton,0.01%,M
Jean,0.01%,M
Jamar,0.01%,M
Adonis,0.01%,M
Kayson,0.01%,M
Kymani,0.01%,M
Freddy,0.01%,M
Hank,0.01%,M
Efrain,0.01%,M
Lyric,0.01%,M
Samir,0.01%,M
Abdiel,0.01%,M
Ean,0.01%,M
Sage,0.01%,M
Todd,0.01%,M
Leandro,0.01%,M
Aditya,0.01%,M
Deven,0.01%,M
Konnor,0.01%,M
Derick,0.01%,M
Konner,0.01%,M
Kyron,0.01%,M
Matthias,0.01%,M
Benson,0.01%,M
Deangelo,0.01%,M
Demarcus,0.01%,M
Jovanni,0.01%,M
Kyson,0.01%,M
Sidney,0.01%,M
Valentino,0.01%,M
Gilbert,0.01%,M
Ishaan,0.01%,M
Maximo,0.01%,M
Dilan,0.01%,M
Xavi,0.01%,M
Bo,0.01%,M
Sylas,0.01%,M
Fisher,0.01%,M
Jaron,0.01%,M
Marcel,0.01%,M
Franco,0.01%,M
Cael,0.01%,M
Alden,0.01%,M
Malaki,0.01%,M
Randall,0.01%,M
Bentlee,0.01%,M
Blaze,0.01%,M
Brogan,0.01%,M
Callum,0.01%,M
Jerimiah,0.01%,M
Justus,0.01%,M
Westin,0.01%,M
Agustin,0.01%,M
Ronin,0.01%,M
Branson,0.01%,M
Marcelo,0.01%,M
Rey,0.01%,M
Dominique,0.01%,M
Krish,0.01%,M
Odin,0.01%,M
Chaim,0.01%,M
Brice,0.01%,M
Camryn,0.01%,M
Izayah,0.01%,M
Jabari,0.01%,M
Jaidyn,0.01%,M
Jair,0.01%,M
Remy,0.01%,M
Samson,0.01%,M
Tyree,0.01%,M
Mayson,0.01%,M
Emmitt,0.01%,M
Isai,0.01%,M
Mike,0.01%,M
Santos,0.01%,M
Seamus,0.01%,M
Stefan,0.01%,M
Jedidiah,0.01%,M
Deon,0.01%,M
Devan,0.01%,M
Houston,0.01%,M
Winston,0.01%,M
Casen,0.01%,M
Fletcher,0.01%,M
Major,0.01%,M
Vincenzo,0.01%,M
Aedan,0.01%,M
Darnell,0.01%,M
Kamryn,0.01%,M
Gaige,0.01%,M
Jaycob,0.01%,M
Quinten,0.01%,M
Jaxen,0.01%,M
Landry,0.01%,M
Deegan,0.01%,M
Edison,0.01%,M
Howard,0.01%,M
Humberto,0.01%,M
Jadyn,0.01%,M
Salvatore,0.01%,M
Lionel,0.01%,M
Aarush,0.01%,M
Kadyn,0.01%,M
Carsen,0.01%,M
Jaydin,0.01%,M
Abdullah,0.01%,M
Alfred,0.01%,M
Ameer,0.01%,M
Bodhi,0.01%,M
Davon,0.01%,M
Trystan,0.01%,M
Eden,0.01%,M
Johann,0.01%,M
Zaire,0.01%,M
Antwan,0.01%,M
Donte,0.01%,M
Jayvion,0.01%,M
Lennon,0.01%,M
Marley,0.01%,M
Theo,0.01%,M
Bridger,0.01%,M
Irvin,0.01%,M
Yael,0.01%,M
Devyn,0.01%,M
Ernest,0.01%,M
Hezekiah,0.01%,M
Leonidas,0.01%,M
Ross,0.01%,M
Ignacio,0.01%,M
Jencarlos,0.01%,M
Leighton,0.01%,M
Leroy,0.01%,M
Octavio,0.01%,M
Rayden,0.01%,M
Arnav,0.01%,M
Lennox,0.01%,M
Nigel,0.01%,M
Darien,0.01%,M
Hayes,0.01%,M
Vaughn,0.01%,M
Anders,0.01%,M
Keon,0.01%,M
Legend,0.01%,M
Cortez,0.01%,M
Darryl,0.01%,M
Haiden,0.01%,M
Koen,0.01%,M
Dario,0.01%,M
Jakobe,0.01%,M
Sonny,0.01%,M
Pierre,0.01%,M
Tyrese,0.01%,M
Zaid,0.01%,M
Blaise,0.01%,M
Damari,0.01%,M
Maxx,0.01%,M
Menachem,0.01%,M
Antony,0.01%,M
Dangelo,0.01%,M
Cain,0.01%,M
Camdyn,0.01%,M
Eliot,0.01%,M
Hugh,0.01%,M
Makhi,0.01%,M
Pranav,0.01%,M
Roderick,0.01%,M
Yadiel,0.01%,M
Broderick,0.01%,M
Ralph,0.01%,M
Zack,0.01%,M
Demarion,0.01%,M
Kael,0.01%,M
Lathan,0.01%,M
Ronaldo,0.01%,M
Yair,0.01%,M
Gibson,0.01%,M
Keyon,0.01%,M
Reagan,0.01%,M
Daylen,0.01%,M
Kingsley,0.01%,M
Talan,0.01%,M
Yehuda,0.01%,M
Cristofer,0.01%,M
Dashawn,0.01%,M
Jordon,0.01%,M
Sheldon,0.01%,M
Slade,0.01%,M
Clarence,0.01%,M
Dillan,0.01%,M
Kadin,0.01%,M
Masen,0.01%,M
Rowen,0.01%,M
Clinton,0.01%,M
Thaddeus,0.01%,M
Yousef,0.01%,M
Truman,0.01%,M
Bailey,0.01%,M
Destin,0.01%,M
Eliezer,0.01%,M
Enoch,0.01%,M
Joziah,0.01%,M
Keshawn,0.01%,M
Isabella,1.17%,F
Sophia,1.05%,F
Emma,0.89%,F
Olivia,0.87%,F
Ava,0.79%,F
Emily,0.73%,F
Abigail,0.73%,F
Madison,0.67%,F
Chloe,0.60%,F
Mia,0.54%,F
Addison,0.53%,F
Elizabeth,0.52%,F
Ella,0.50%,F
Natalie,0.45%,F
Samantha,0.43%,F
Alexis,0.42%,F
Lily,0.41%,F
Grace,0.39%,F
Hailey,0.36%,F
Alyssa,0.36%,F
Hannah,0.36%,F
Lillian,0.36%,F
Avery,0.34%,F
Leah,0.33%,F
Nevaeh,0.33%,F
Anna,0.32%,F
Sofia,0.32%,F
Sarah,0.32%,F
Ashley,0.32%,F
Brianna,0.32%,F
Zoe,0.32%,F
Victoria,0.32%,F
Gabriella,0.32%,F
Brooklyn,0.31%,F
Kaylee,0.31%,F
Taylor,0.30%,F
Layla,0.30%,F
Allison,0.30%,F
Evelyn,0.30%,F
Riley,0.28%,F
Amelia,0.28%,F
Khloe,0.28%,F
Makayla,0.28%,F
Savannah,0.27%,F
Aubrey,0.27%,F
Charlotte,0.27%,F
Zoey,0.27%,F
Bella,0.26%,F
Kayla,0.26%,F
Alexa,0.26%,F
Peyton,0.25%,F
Audrey,0.25%,F
Claire,0.25%,F
Arianna,0.25%,F
Julia,0.24%,F
Aaliyah,0.24%,F
Kylie,0.23%,F
Lauren,0.23%,F
Sophie,0.23%,F
Sydney,0.22%,F
Camila,0.22%,F
Jasmine,0.21%,F
Morgan,0.21%,F
Alexandra,0.21%,F
Jocelyn,0.20%,F
Maya,0.20%,F
Gianna,0.20%,F
Mackenzie,0.20%,F
Kimberly,0.20%,F
Katherine,0.20%,F
Destiny,0.19%,F
Brooke,0.19%,F
Trinity,0.19%,F
Faith,0.19%,F
Lucy,0.19%,F
Madelyn,0.18%,F
Madeline,0.18%,F
Bailey,0.18%,F
Payton,0.18%,F
Andrea,0.18%,F
Autumn,0.18%,F
Melanie,0.18%,F
Serenity,0.18%,F
Ariana,0.18%,F
Stella,0.18%,F
Maria,0.17%,F
Molly,0.17%,F
Caroline,0.17%,F
Genesis,0.17%,F
Kaitlyn,0.17%,F
Eva,0.17%,F
Jessica,0.16%,F
Gabrielle,0.16%,F
Angelina,0.16%,F
Naomi,0.16%,F
Valeria,0.16%,F
Mariah,0.16%,F
Natalia,0.16%,F
Rachel,0.15%,F
Paige,0.15%,F
Mya,0.15%,F
Rylee,0.15%,F
Katelyn,0.15%,F
Ellie,0.15%,F
Isabelle,0.15%,F
Lilly,0.15%,F
Vanessa,0.15%,F
London,0.15%,F
Mary,0.15%,F
Kennedy,0.14%,F
Lydia,0.14%,F
Jordyn,0.14%,F
Ruby,0.14%,F
Jade,0.14%,F
Scarlett,0.14%,F
Isabel,0.14%,F
Annabelle,0.13%,F
Sadie,0.13%,F
Harper,0.13%,F
Sara,0.13%,F
Jennifer,0.13%,F
Violet,0.13%,F
Nicole,0.13%,F
Liliana,0.13%,F
Michelle,0.13%,F
Stephanie,0.13%,F
Reagan,0.13%,F
Jada,0.13%,F
Adriana,0.13%,F
Gracie,0.12%,F
Megan,0.12%,F
Jayla,0.12%,F
Kendall,0.12%,F
Rebecca,0.12%,F
Lyla,0.12%,F
Amy,0.12%,F
Reese,0.12%,F
Izabella,0.11%,F
Kylee,0.11%,F
Laila,0.11%,F
Jenna,0.11%,F
Brooklynn,0.11%,F
Aliyah,0.11%,F
Piper,0.11%,F
Mckenzie,0.11%,F
Juliana,0.11%,F
Giselle,0.11%,F
Gabriela,0.11%,F
Valerie,0.11%,F
Daniela,0.10%,F
Daisy,0.10%,F
Valentina,0.10%,F
Makenzie,0.10%,F
Haley,0.10%,F
Lila,0.10%,F
Melissa,0.10%,F
Ashlyn,0.10%,F
Vivian,0.10%,F
Nora,0.10%,F
Angela,0.10%,F
Katie,0.10%,F
Hayden,0.10%,F
Elena,0.10%,F
Summer,0.10%,F
Keira,0.09%,F
Eleanor,0.09%,F
Clara,0.09%,F
Eliana,0.09%,F
Alana,0.09%,F
Jillian,0.09%,F
Jacqueline,0.09%,F
Alice,0.09%,F
Adrianna,0.09%,F
Miranda,0.09%,F
Alivia,0.09%,F
Julianna,0.09%,F
Aniyah,0.09%,F
Jordan,0.09%,F
Eden,0.09%,F
Mikayla,0.09%,F
Skylar,0.09%,F
Margaret,0.09%,F
Briana,0.09%,F
Josephine,0.09%,F
Ryleigh,0.09%,F
Shelby,0.09%,F
Delilah,0.09%,F
Amanda,0.08%,F
Allie,0.08%,F
Diana,0.08%,F
Addyson,0.08%,F
Brielle,0.08%,F
Catherine,0.08%,F
Angel,0.08%,F
Danielle,0.08%,F
Elise,0.08%,F
Ana,0.08%,F
Melody,0.08%,F
Leslie,0.08%,F
Penelope,0.08%,F
Makenna,0.08%,F
Marissa,0.08%,F
Aurora,0.08%,F
Alexandria,0.08%,F
Leila,0.08%,F
Alaina,0.08%,F
Kendra,0.08%,F
Kate,0.08%,F
Delaney,0.08%,F
Sienna,0.08%,F
Lola,0.08%,F
Jayden,0.07%,F
Ariel,0.07%,F
Sierra,0.07%,F
Erin,0.07%,F
Miley,0.07%,F
Carly,0.07%,F
Hadley,0.07%,F
Sabrina,0.07%,F
Alicia,0.07%,F
Tessa,0.07%,F
Chelsea,0.07%,F
Amber,0.07%,F
Aubree,0.07%,F
Maggie,0.07%,F
Amaya,0.07%,F
Cadence,0.07%,F
Mckenna,0.07%,F
Cheyenne,0.07%,F
Kathryn,0.07%,F
Maci,0.07%,F
Kinley,0.07%,F
Kelsey,0.07%,F
Marley,0.07%,F
Alayna,0.07%,F
Jayda,0.07%,F
Paisley,0.07%,F
Ashlynn,0.07%,F
Callie,0.07%,F
Lexi,0.07%,F
Hope,0.07%,F
Eliza,0.07%,F
Teagan,0.07%,F
Alexia,0.07%,F
Kayleigh,0.07%,F
Harmony,0.07%,F
Nadia,0.07%,F
Cassidy,0.07%,F
Karen,0.07%,F
Christina,0.07%,F
Jazmin,0.07%,F
Kyla,0.07%,F
Breanna,0.07%,F
Alondra,0.07%,F
Quinn,0.07%,F
Adalyn,0.06%,F
Kaydence,0.06%,F
Fiona,0.06%,F
Allyson,0.06%,F
Esther,0.06%,F
Mariana,0.06%,F
Josie,0.06%,F
Haylee,0.06%,F
Hazel,0.06%,F
Lucia,0.06%,F
Alina,0.06%,F
Danna,0.06%,F
Leilani,0.06%,F
Alison,0.06%,F
Camille,0.06%,F
Fatima,0.06%,F
Jazmine,0.06%,F
Ximena,0.06%,F
Laura,0.06%,F
Cora,0.06%,F
Presley,0.06%,F
Cecilia,0.06%,F
Genevieve,0.06%,F
Alejandra,0.06%,F
Bianca,0.06%,F
Mallory,0.06%,F
Camryn,0.06%,F
Esmeralda,0.06%,F
Abby,0.06%,F
Juliet,0.06%,F
Dakota,0.06%,F
Brynn,0.06%,F
Maddison,0.06%,F
Londyn,0.06%,F
Willow,0.06%,F
Macy,0.06%,F
Kara,0.06%,F
Karina,0.06%,F
Kyleigh,0.06%,F
Veronica,0.06%,F
Daniella,0.06%,F
Isla,0.06%,F
Norah,0.06%,F
Ivy,0.06%,F
Miriam,0.05%,F
Malia,0.05%,F
Caitlyn,0.05%,F
Heidi,0.05%,F
Kamryn,0.05%,F
Joanna,0.05%,F
Kelly,0.05%,F
Kinsley,0.05%,F
Phoebe,0.05%,F
Kira,0.05%,F
Annabella,0.05%,F
Katelynn,0.05%,F
Tiffany,0.05%,F
Emery,0.05%,F
Carmen,0.05%,F
Emerson,0.05%,F
Iris,0.05%,F
Crystal,0.05%,F
Nina,0.05%,F
Emely,0.05%,F
Rylie,0.05%,F
Madeleine,0.05%,F
Adeline,0.05%,F
Heaven,0.05%,F
Georgia,0.05%,F
Karla,0.05%,F
Kiara,0.05%,F
Paris,0.05%,F
Selena,0.05%,F
Cassandra,0.05%,F
Guadalupe,0.05%,F
Evangeline,0.05%,F
Tatum,0.05%,F
Madilyn,0.05%,F
Tiana,0.05%,F
Lilah,0.05%,F
Rose,0.05%,F
Aniya,0.05%,F
Madisyn,0.05%,F
Kaelyn,0.05%,F
Caitlin,0.05%,F
Sasha,0.05%,F
Luna,0.05%,F
Audrina,0.05%,F
Fernanda,0.05%,F
Angelica,0.05%,F
Ruth,0.05%,F
Jasmin,0.05%,F
Kyra,0.05%,F
Emilia,0.05%,F
Lilliana,0.05%,F
Ayla,0.05%,F
Janiyah,0.05%,F
Aria,0.05%,F
Courtney,0.05%,F
Ainsley,0.05%,F
Lia,0.05%,F
Yaretzi,0.05%,F
Maliyah,0.05%,F
Raegan,0.05%,F
Monica,0.05%,F
Tatiana,0.05%,F
Madalyn,0.05%,F
Mila,0.05%,F
Athena,0.04%,F
Noelle,0.04%,F
Anastasia,0.04%,F
Julissa,0.04%,F
Jaelyn,0.04%,F
Bethany,0.04%,F
Imani,0.04%,F
Juliette,0.04%,F
Kenzie,0.04%,F
Macie,0.04%,F
Savanna,0.04%,F
Jamie,0.04%,F
Giuliana,0.04%,F
Kiley,0.04%,F
April,0.04%,F
Lena,0.04%,F
Adelyn,0.04%,F
Joselyn,0.04%,F
Cynthia,0.04%,F
Jane,0.04%,F
Kailey,0.04%,F
Arabella,0.04%,F
Alessandra,0.04%,F
Carolina,0.04%,F
Nayeli,0.04%,F
Julie,0.04%,F
Gia,0.04%,F
Michaela,0.04%,F
Kaylie,0.04%,F
Janelle,0.04%,F
Annie,0.04%,F
Elaina,0.04%,F
Amiyah,0.04%,F
Kaylin,0.04%,F
Madelynn,0.04%,F
Lyric,0.04%,F
Addisyn,0.04%,F
Baylee,0.04%,F
Lindsey,0.04%,F
Jimena,0.04%,F
Rebekah,0.04%,F
Nyla,0.04%,F
Anya,0.04%,F
Jazlyn,0.04%,F
Finley,0.04%,F
Holly,0.04%,F
Dulce,0.04%,F
Melany,0.04%,F
Talia,0.04%,F
Itzel,0.04%,F
Scarlet,0.04%,F
Kiera,0.04%,F
Cali,0.04%,F
Cameron,0.04%,F
Angie,0.04%,F
Journey,0.04%,F
Elle,0.04%,F
Elliana,0.04%,F
Estrella,0.04%,F
Erica,0.04%,F
Sarai,0.04%,F
Danica,0.04%,F
Brenda,0.04%,F
Vivienne,0.04%,F
Brittany,0.04%,F
Erika,0.04%,F
Hayley,0.04%,F
Mikaela,0.04%,F
Harley,0.04%,F
Kamila,0.04%,F
Adelaide,0.04%,F
Brylee,0.04%,F
Aubrie,0.04%,F
Helen,0.04%,F
Lacey,0.04%,F
Ciara,0.04%,F
Kadence,0.04%,F
Nataly,0.04%,F
Johanna,0.04%,F
Kailyn,0.04%,F
Madyson,0.04%,F
Shayla,0.04%,F
Adalynn,0.04%,F
Bridget,0.04%,F
Janiya,0.04%,F
Serena,0.04%,F
Gemma,0.03%,F
Lillie,0.03%,F
Lilian,0.03%,F
Paola,0.03%,F
Aleah,0.03%,F
Jayleen,0.03%,F
Celeste,0.03%,F
Natasha,0.03%,F
Braelyn,0.03%,F
Tenley,0.03%,F
Charlie,0.03%,F
Kassidy,0.03%,F
Amari,0.03%,F
Dana,0.03%,F
Brisa,0.03%,F
Parker,0.03%,F
Annika,0.03%,F
Lexie,0.03%,F
Aileen,0.03%,F
Brenna,0.03%,F
Nia,0.03%,F
Sage,0.03%,F
Desiree,0.03%,F
Skyler,0.03%,F
Emilee,0.03%,F
Jaliyah,0.03%,F
Anabelle,0.03%,F
Lucille,0.03%,F
Anahi,0.03%,F
Lana,0.03%,F
Joy,0.03%,F
Kayden,0.03%,F
Anaya,0.03%,F
Lilyana,0.03%,F
Dayana,0.03%,F
Viviana,0.03%,F
Logan,0.03%,F
Priscilla,0.03%,F
Denise,0.03%,F
Daphne,0.03%,F
Kennedi,0.03%,F
Zariah,0.03%,F
Skye,0.03%,F
Rowan,0.03%,F
Francesca,0.03%,F
Elisa,0.03%,F
Amira,0.03%,F
Kimora,0.03%,F
Jaylynn,0.03%,F
Kenley,0.03%,F
Lizbeth,0.03%,F
Liberty,0.03%,F
Jaelynn,0.03%,F
Lauryn,0.03%,F
Melina,0.03%,F
Myla,0.03%,F
Abbigail,0.03%,F
Arielle,0.03%,F
Camilla,0.03%,F
Gloria,0.03%,F
Alyson,0.03%,F
Brynlee,0.03%,F
Alissa,0.03%,F
Claudia,0.03%,F
Marlee,0.03%,F
Sandra,0.03%,F
Danika,0.03%,F
Hanna,0.03%,F
Alanna,0.03%,F
Nancy,0.03%,F
Miracle,0.03%,F
Hailee,0.03%,F
Caylee,0.03%,F
Jaycee,0.03%,F
Gracelyn,0.03%,F
Annalise,0.03%,F
Liana,0.03%,F
Yareli,0.03%,F
Cindy,0.03%,F
Eloise,0.03%,F
Bailee,0.03%,F
Marisol,0.03%,F
Asia,0.03%,F
Helena,0.03%,F
Justice,0.03%,F
Lorelei,0.03%,F
Maeve,0.03%,F
Kali,0.03%,F
Jaida,0.03%,F
Aiyana,0.03%,F
Anika,0.03%,F
Natalee,0.03%,F
Olive,0.03%,F
Whitney,0.03%,F
Laney,0.03%,F
Kassandra,0.03%,F
Ada,0.03%,F
Kaia,0.03%,F
Aryanna,0.03%,F
Marilyn,0.03%,F
Clarissa,0.03%,F
Farrah,0.03%,F
Halle,0.03%,F
Amani,0.03%,F
Janessa,0.03%,F
Sylvia,0.03%,F
Charlee,0.03%,F
Mckinley,0.03%,F
Skyla,0.03%,F
Aleena,0.03%,F
Gwendolyn,0.03%,F
Madilynn,0.03%,F
Marie,0.03%,F
Bristol,0.03%,F
Meghan,0.03%,F
Tori,0.03%,F
Giana,0.03%,F
Rosa,0.03%,F
Shaniya,0.03%,F
Lea,0.03%,F
Isabela,0.03%,F
Kaliyah,0.03%,F
Kaylynn,0.03%,F
Averie,0.03%,F
Hallie,0.03%,F
Aylin,0.03%,F
Dylan,0.03%,F
Kristen,0.03%,F
Zoie,0.03%,F
Madalynn,0.03%,F
Saniyah,0.03%,F
Lesly,0.03%,F
Kiana,0.03%,F
Yasmin,0.03%,F
Kaleigh,0.03%,F
Regina,0.03%,F
Rihanna,0.03%,F
Kristina,0.03%,F
Wendy,0.03%,F
Anabella,0.03%,F
Elisabeth,0.03%,F
Rosalie,0.03%,F
Sloane,0.03%,F
Eve,0.03%,F
June,0.03%,F
Amya,0.03%,F
Kathleen,0.03%,F
Lindsay,0.03%,F
Saniya,0.03%,F
Virginia,0.02%,F
Aspen,0.02%,F
Elsa,0.02%,F
Samara,0.02%,F
Meredith,0.02%,F
Raven,0.02%,F
Nylah,0.02%,F
Perla,0.02%,F
Raquel,0.02%,F
Siena,0.02%,F
Anne,0.02%,F
Casey,0.02%,F
Ayanna,0.02%,F
Mckayla,0.02%,F
Jaylee,0.02%,F
Jaylin,0.02%,F
Patricia,0.02%,F
Shiloh,0.02%,F
Linda,0.02%,F
Maia,0.02%,F
Mariam,0.02%,F
Aimee,0.02%,F
Lainey,0.02%,F
Maleah,0.02%,F
Nathalie,0.02%,F
Sherlyn,0.02%,F
Isis,0.02%,F
Angelique,0.02%,F
Jazlynn,0.02%,F
Raelynn,0.02%,F
Annabel,0.02%,F
Paityn,0.02%,F
Ryan,0.02%,F
Tabitha,0.02%,F
Marina,0.02%,F
Myah,0.02%,F
Ansley,0.02%,F
Bryanna,0.02%,F
Diamond,0.02%,F
Elyse,0.02%,F
Adelynn,0.02%,F
Cara,0.02%,F
Haleigh,0.02%,F
Jadyn,0.02%,F
Joslyn,0.02%,F
Selah,0.02%,F
Kourtney,0.02%,F
Elsie,0.02%,F
Dahlia,0.02%,F
Haven,0.02%,F
Lailah,0.02%,F
Leighton,0.02%,F
Aliya,0.02%,F
Sariah,0.02%,F
Jaylene,0.02%,F
Amara,0.02%,F
Briley,0.02%,F
Arely,0.02%,F
Jaylah,0.02%,F
Karlee,0.02%,F
Brinley,0.02%,F
Taryn,0.02%,F
America,0.02%,F
Kaitlin,0.02%,F
Amiya,0.02%,F
Kailee,0.02%,F
Milan,0.02%,F
Phoenix,0.02%,F
Lilianna,0.02%,F
Mercedes,0.02%,F
Christine,0.02%,F
Greta,0.02%,F
Sidney,0.02%,F
Simone,0.02%,F
Vera,0.02%,F
Ellen,0.02%,F
Mollie,0.02%,F
Alisson,0.02%,F
Amelie,0.02%,F
Kallie,0.02%,F
Noemi,0.02%,F
Taraji,0.02%,F
Clare,0.02%,F
Heather,0.02%,F
Keyla,0.02%,F
Jessie,0.02%,F
Aisha,0.02%,F
Ally,0.02%,F
Catalina,0.02%,F
Shannon,0.02%,F
Jordynn,0.02%,F
Taliyah,0.02%,F
Zion,0.02%,F
Luciana,0.02%,F
Miah,0.02%,F
Teresa,0.02%,F
Adrienne,0.02%,F
Irene,0.02%,F
Martha,0.02%,F
Rachael,0.02%,F
Paloma,0.02%,F
Yesenia,0.02%,F
Barbara,0.02%,F
Janae,0.02%,F
Jolie,0.02%,F
Leanna,0.02%,F
Jaiden,0.02%,F
Jaqueline,0.02%,F
Amina,0.02%,F
Evie,0.02%,F
Macey,0.02%,F
Destinee,0.02%,F
Abril,0.02%,F
Lisa,0.02%,F
Deanna,0.02%,F
Kenya,0.02%,F
Rosemary,0.02%,F
Alani,0.02%,F
Jocelynn,0.02%,F
Kaitlynn,0.02%,F
Sonia,0.02%,F
Zara,0.02%,F
Krystal,0.02%,F
Paulina,0.02%,F
Regan,0.02%,F
Evelynn,0.02%,F
Ali,0.02%,F
Elin,0.02%,F
Ariella,0.02%,F
Alia,0.02%,F
Chaya,0.02%,F
Alena,0.02%,F
Jazmyn,0.02%,F
Raelyn,0.02%,F
Corinne,0.02%,F
Emilie,0.02%,F
Jayde,0.02%,F
Carolyn,0.02%,F
Karissa,0.02%,F
Jakayla,0.02%,F
Laylah,0.02%,F
Mariyah,0.02%,F
Cecelia,0.02%,F
Cheyanne,0.02%,F
Zaniyah,0.02%,F
Celia,0.02%,F
Emmalyn,0.02%,F
Luz,0.02%,F
Kaiya,0.02%,F
Iliana,0.02%,F
Lorelai,0.02%,F
Leyla,0.02%,F
Cherish,0.02%,F
Giada,0.02%,F
Giovanna,0.02%,F
Carla,0.02%,F
Larissa,0.02%,F
Jaden,0.02%,F
Adyson,0.02%,F
Campbell,0.02%,F
Carlee,0.02%,F
Carley,0.02%,F
Gisselle,0.02%,F
Lylah,0.02%,F
Felicity,0.02%,F
Julianne,0.02%,F
Aryana,0.02%,F
Natalya,0.02%,F
Frances,0.02%,F
Ivanna,0.02%,F
Kaya,0.02%,F
Reyna,0.02%,F
Tamia,0.02%,F
Kaylyn,0.02%,F
Moriah,0.02%,F
Bria,0.02%,F
Deborah,0.02%,F
Harlow,0.02%,F
Ingrid,0.02%,F
Tara,0.02%,F
Susan,0.02%,F
Yoselin,0.02%,F
Alisha,0.02%,F
Carlie,0.02%,F
Ayana,0.02%,F
Haylie,0.02%,F
Cristina,0.02%,F
Jenny,0.02%,F
Maryam,0.02%,F
Sanaa,0.02%,F
Sawyer,0.02%,F
Rylan,0.02%,F
Jaidyn,0.02%,F
Emmalee,0.02%,F
Libby,0.02%,F
Yaritza,0.02%,F
Allisson,0.02%,F
Kasey,0.02%,F
Matilda,0.02%,F
Tianna,0.02%,F
Elaine,0.02%,F
Kaylen,0.02%,F
Patience,0.02%,F
Sharon,0.02%,F
Aliana,0.02%,F
Maritza,0.02%,F
Karlie,0.02%,F
Nathaly,0.02%,F
Analia,0.02%,F
Emelia,0.02%,F
Heidy,0.02%,F
Chana,0.02%,F
Tess,0.02%,F
Yazmin,0.02%,F
Chanel,0.02%,F
Karsyn,0.02%,F
Paula,0.02%,F
Armani,0.02%,F
Marisa,0.02%,F
Abbie,0.02%,F
Amirah,0.02%,F
Araceli,0.02%,F
Alyvia,0.02%,F
Azul,0.02%,F
Edith,0.02%,F
Ember,0.02%,F
Aliza,0.02%,F
Zaria,0.02%,F
Carissa,0.02%,F
Livia,0.02%,F
Charley,0.02%,F
Hadassah,0.02%,F
Ireland,0.02%,F
Isabell,0.02%,F
Leia,0.02%,F
Cailyn,0.02%,F
Beatrice,0.02%,F
Hayleigh,0.02%,F
Akira,0.02%,F
Avah,0.02%,F
Eileen,0.02%,F
Kiersten,0.02%,F
Micah,0.02%,F
Gracelynn,0.02%,F
Kenna,0.02%,F
Kirsten,0.02%,F
Malaya,0.02%,F
Alma,0.02%,F
Hana,0.02%,F
Demi,0.02%,F
Jemma,0.02%,F
Kelsie,0.02%,F
Mira,0.02%,F
Alayah,0.02%,F
Charity,0.02%,F
Lillianna,0.02%,F
Lina,0.02%,F
Angeline,0.02%,F
Ayleen,0.02%,F
Katrina,0.02%,F
Nola,0.02%,F
Ashlee,0.02%,F
Millie,0.02%,F
Raina,0.02%,F
Renee,0.02%,F
Belinda,0.02%,F
Jacquelyn,0.02%,F
Jaylyn,0.02%,F
Mara,0.02%,F
Bree,0.02%,F
Lilyanna,0.02%,F
Mayra,0.02%,F
Zariyah,0.02%,F
Belen,0.02%,F
Lilia,0.02%,F
Joyce,0.02%,F
Meadow,0.02%,F
Rubi,0.02%,F
Shyla,0.02%,F
Judith,0.02%,F
Ryann,0.02%,F
Kyndall,0.02%,F
Lara,0.02%,F
Elianna,0.02%,F
Neveah,0.02%,F
Salma,0.02%,F
Tania,0.02%,F
Abbey,0.02%,F
Kendal,0.02%,F
Kynlee,0.02%,F
Rayne,0.02%,F
Braelynn,0.02%,F
Janet,0.02%,F
Saige,0.02%,F
Briella,0.02%,F
Karma,0.02%,F
Laniyah,0.02%,F
Rayna,0.02%,F
Sarahi,0.02%,F
Makena,0.02%,F
Princess,0.02%,F
Stacy,0.02%,F
Lizeth,0.01%,F
Marlene,0.01%,F
Azaria,0.01%,F
Britney,0.01%,F
Riya,0.01%,F
Dominique,0.01%,F
Jaylen,0.01%,F
Karly,0.01%,F
Adele,0.01%,F
Kaelynn,0.01%,F
Abigale,0.01%,F
Adelina,0.01%,F
Ann,0.01%,F
Janiah,0.01%,F
Charli,0.01%,F
Emersyn,0.01%,F
Kayleen,0.01%,F
Marianna,0.01%,F
Caydence,0.01%,F
Abagail,0.01%,F
Dixie,0.01%,F
Diya,0.01%,F
Esme,0.01%,F
Jewel,0.01%,F
Theresa,0.01%,F
Carleigh,0.01%,F
Maliah,0.01%,F
Payten,0.01%,F
Roselyn,0.01%,F
Alisa,0.01%,F
Shyanne,0.01%,F
Karli,0.01%,F
Nathalia,0.01%,F
Yamilet,0.01%,F
Aiyanna,0.01%,F
Averi,0.01%,F
Journee,0.01%,F
Mattie,0.01%,F
Mylee,0.01%,F
Tegan,0.01%,F
Damaris,0.01%,F
Arya,0.01%,F
Yamileth,0.01%,F
Audriana,0.01%,F
Emmy,0.01%,F
Kylah,0.01%,F
Thalia,0.01%,F
Carina,0.01%,F
Esperanza,0.01%,F
Anabel,0.01%,F
Jamya,0.01%,F
Willa,0.01%,F
Kai,0.01%,F
Kierra,0.01%,F
Kinsey,0.01%,F
Shania,0.01%,F
Sydnee,0.01%,F
Micaela,0.01%,F
Pearl,0.01%,F
Ivana,0.01%,F
Kairi,0.01%,F
Precious,0.01%,F
Kloe,0.01%,F
Mina,0.01%,F
Myra,0.01%,F
Shaylee,0.01%,F
Azariah,0.01%,F
Addilyn,0.01%,F
Jolene,0.01%,F
Kimber,0.01%,F
Lorena,0.01%,F
Alannah,0.01%,F
River,0.01%,F
Alexus,0.01%,F
Dalia,0.01%,F
India,0.01%,F
Jaslene,0.01%,F
Reina,0.01%,F
Mae,0.01%,F
Milagros,0.01%,F
Stephany,0.01%,F
Zuri,0.01%,F
Pamela,0.01%,F
Xiomara,0.01%,F
Ariah,0.01%,F
Donna,0.01%,F
Evelin,0.01%,F
Aracely,0.01%,F
Leona,0.01%,F
Tia,0.01%,F
Amiah,0.01%,F
Bryleigh,0.01%,F
Devyn,0.01%,F
Lilith,0.01%,F
Charleigh,0.01%,F
Alaysia,0.01%,F
Aleigha,0.01%,F
Savanah,0.01%,F
Dania,0.01%,F
Karley,0.01%,F
